{"name":null,"assets":[{"path":"symbols/181.jpg","type":"IMAGE"},{"path":"symbols/183.jpg","type":"IMAGE"},{"path":"symbols/185.jpg","type":"IMAGE"},{"path":"symbols/187.jpg","type":"IMAGE"},{"path":"symbols/1140.png","type":"IMAGE"},{"path":"symbols/2058.jpg","type":"IMAGE"},{"path":"symbols/2058a.png","type":"IMAGE"},{"path":"symbols/2467.jpg","type":"IMAGE"},{"path":"symbols/2467a.png","type":"IMAGE"},{"path":"symbols/2522.png","type":"IMAGE"},{"path":"symbols/2524.png","type":"IMAGE"},{"path":"symbols/2526.png","type":"IMAGE"},{"path":"symbols/2528.png","type":"IMAGE"},{"path":"symbols/2530.png","type":"IMAGE"},{"path":"symbols/2532.png","type":"IMAGE"},{"path":"symbols/2534.png","type":"IMAGE"},{"path":"symbols/2536.png","type":"IMAGE"},{"path":"symbols/2538.png","type":"IMAGE"},{"path":"symbols/2540.png","type":"IMAGE"},{"path":"symbols/2542.png","type":"IMAGE"},{"path":"symbols/2544.png","type":"IMAGE"},{"path":"symbols/2546.png","type":"IMAGE"},{"path":"symbols/2548.png","type":"IMAGE"},{"path":"symbols/2550.jpg","type":"IMAGE"},{"path":"symbols/2552.png","type":"IMAGE"},{"path":"symbols/2554.png","type":"IMAGE"},{"path":"symbols/2556.png","type":"IMAGE"},{"path":"symbols/2558.png","type":"IMAGE"},{"path":"symbols/2560.png","type":"IMAGE"},{"path":"symbols/2562.png","type":"IMAGE"},{"path":"symbols/2564.png","type":"IMAGE"},{"path":"symbols/2566.png","type":"IMAGE"},{"path":"symbols/54.png","type":"IMAGE"},{"path":"symbols/43.png","type":"IMAGE"},{"path":"data.json","type":"TEXT"}],"rootPath":null,"version":3,"libraryArgs":["data.json","99ITMTn7Am612hHJ2xdx"],"libraryType":"swf.exporters.animate.AnimateLibrary"}